'best,'burb,'caus,'chicken,'corn,'cue,'do,'em,'hood,'i,'kobe,'meh,'n,'nother,'nuff,'o,'ol,'que,'re,'real,'satay,'scene,'slaw,'the,'til,'tude,'we,**,***,****,*drool*,*i,*note,*sigh*,*that*,*the,++//,+1,-/,-1,-a,-and,-beef,-but,-chicken,-chili,-crispi,-french,-fri,-great,-i,-it,-kobe,-lobster,-not,-our,-red,-so,-spici,-the,-they,-thi,.-,..,..a,..all,..and,..but,..great,..i,..if,..it,..just,..mi,..so,..that,..the,..they,..we,..well,.2,.4,.5,.a,.after,.all,.also,.amaz,.and,.anyway,.at,.but,.definit,.do,.even,.everyth,.except,.food,.for,.get,.go,.good,.great,.he,.hot,.howev,.i,.if,.in,.it,.just,.love,.mi,.no,.not,.noth,.now,.oh,.ok,.on,.onc,.one,.onli,.or,.other,.our,.overal,.park,.realli,.serious,.servic,.so,.thank,.that,.the,.their,.then,.there,.they,.thi,.to,.too,.veri,.we,.well,.what,.when,.whi,.which,.while,.with,.ye,.yeah,.you,.yum,//,0,0.5,1,1+,1,000,1-1.5,1-10,1-2,1.,1.00,1.25,1.5,1.5-2,1.50,1.75,1/2,1/3,1/4,1/5,10,10+,10,000,10-,10-12,10-15,10-20,10.00,10.50,10.95,10.99,10/10,100,100+,100.00,1000,1000+,100th,101,1030,105,10:00,10:15,10:30,10:30am,10:30pm,10:45,10am,10ish,10min,10pm,10th,10x,11,11.00,11.95,110,1130,11:00,11:00am,11:15,11:15am,11:20,11:30,11:30am,11:30pm,11:45,11:45am,11am,11pm,12,12-,12-15,12.95,120,1200,125,12:00,12:15,12:30,12:30pm,12am,12oz,12pm,13,13-,13.00,13.95,130,14,14.00,14.45,14.50,14.95,140,15,15+,15-,15-20,15-30,15.00,15.20,15.50,15.95,150,1500,15min,16,17,18,180,18th,19,19.,19.99,1930,1931,1940,1947,1950,1960,1970,1990,19number,1:00,1:30,1:30pm,1am,1hr,1lb,1pm,1st,2,2+,2,000,2-,2-3,2-4,2-hour,2-star,2-top,2.,2.45,2.5,2.50,2.75,2.95,2/3,2/5,20,20+,20-25,20-30,20-someth,20.00,200,2003,2005,2006,2007,2008,2009,200th,2010,2011,2012,2013,2014,20min,20minut,20th,21,21+,21.95,21st,22,23,23rd,24,24-hour,24/7,240,24hr,25,25-30,25.00,250,25th,26,27,28,29,2:00,2:30,2:30pm,2am,2hr,2nd,2pm,2x,3,3+,3-,3-4,3-5,3-star,3.,3.00,3.5,3.5/5,3.50,3.75,3.95,3/4,3/5,30,30+,30-40,30-45,30-minut,300,30min,30th,31,312,32,33,34,35,35-45,36,37,38,3:00,3:30,3:30pm,3am,3pm,3rd,3x,4,4+,4-,4-5,4-6,4-star,4.,4.00,4.5,4.5/5,4.50,4.95,4/5,40,40+,40-45,400,40min,42,44,45,45-50,45-60,45min,46,48,4:00,4:30,4am,4pm,4th,5,5+,5-,5-10,5-6,5-7,5-star,5.00,5.50,5/5,5/5servic,5/6,50,50/50,500,500+,53,530,54,55,58,5:00,5:15,5:15pm,5:30,5:30pm,5:45,5:45pm,5am,5min,5pm,5th,6,6+,6-7,6-8,6.00,6.95,6/10,60,600,600+,62,64,65,65th,68,6:00,6:00pm,6:15,6:30,6:30pm,6:45,6ish,6pm,6th,7,7-,7-10,7-11,7-8,7.50,7.95,7/10,70,700,71,710,72,730,74,75,7:00,7:00pm,7:15,7:15pm,7:30,7:30pm,7:45,7:45pm,7ish,7oz,7pm,7th,8,8-,8-10,8-9,8.00,8.5,8.50,8.95,8.99,8/10,80,800,830,85,88,89,8:00,8:15,8:15pm,8:30,8:30am,8:30pm,8:45,8:45pm,8am,8pm,8th,9,9-,9.95,9.99,9/10,90,900,930am,95,98,99,9:00,9:15,9:30,9:30am,9:30pm,9:45,9:45pm,9am,9ish,9pm,9th,:1,=/,=d,=p,^_^,a**,a+,a++,a+++,a-,a-go-go,a-hol,a-maz,a-ok,a-ok.,a-okay,a.,a.k.a,a.m,a.m.,a/c,aah,aback,abandon,abid,abil,abita,abl,abnorm,abomin,abound,about-,about.i,about.th,above-averag,abrupt,absenc,absent,absolut,absolutli,absorb,abstain,absurd,absurdli,abt,abund,abus,abysm,ac,accent,accentu,accept,access,accid,accident,acclaim,accolad,accommod,accomod,accompani,accomplish,accord,accordingli,accost,account,accoutr,accur,accustom,ace,ach,achiev,acid,acknowledg,acm,acoust,acquaint,acquir,acr,acronym,across,act,action,activ,actor,actress,actual,ad,adam,add,add-on,addict,addit,address,adequ,adjac,adject,adjoin,adjust,admir,admiss,admit,admittedli,adobo,ador,adorn,adult,advanc,advantag,adventur,advertis,advic,advis,aesthet,affair,affect,affili,affin,affogato,afford,aficionado,aforement,afraid,african,after-dinn,after-work,afteral,afternoon,aftertast,afterthought,afterward,again..,again.i,again.th,agav,age,agenc,agenda,agent,aggrav,aggress,agit,ago,agre,agreement,ah,ah-maz,ahead,ahem,ahh,ahhh,ahhhh,ahi,ai,aid,aight,aim,aimlessli,aint,aioli,air,airi,airlin,airplan,airport,aisl,aka,akin,al,ala,alarm,alaska,alaskan,albacor,albeit,album,alcohol,alcov,ale,alert,alex,alexand,alfalfa,alfredo,alic,alien,alig,align,alik,alinea,alison,alittl,aliv,all-,all-american,all-around,all-in-al,all-tim,all-you-can-eat,all..,all.i,all.th,allagash,allen,allerg,allergi,alley,allig,allison,allll,alllll,allot,allow,allud,allur,almond,almost,alon,along,alongsid,aloof,alot,alreadi,alright,alright.i,also,alter,altern,altho,although,altogeth,aluminum,alvarado,alway,amaaaaz,amateur,amaz,amazebal,amazing,amazing-,amazing..,amazing.i,amazing.th,amazing.w,amazingli,amber,ambianc,ambiance-,ambienc,ambient,ambiti,amen,amend,america,american,americana,amex,ami,amiabl,amidst,amigo,among,amongst,amount,amp,ampl,amplifi,amus,analog,ancho,anchor,anchovi,ancient,and/or,andi,andouil,andr,andrew,angel,angeleno,angelina,angelino,anger,angi,angl,anglais,angri,anim,anita,ann,anna,anni,anniversari,announc,annoy,annoyingli,annual,anomali,anoth,anson,answer,ant,anthoni,anticip,antipasto,antiqu,antoin,antonio,antsi,anxieti,anxiou,anxious,anybodi,anyday,anyhoo,anyhow,anymor,anyon,anyth,anytim,anyway,anyway.th,anywher,anywho,aoili,aoli,ap,apart,apathet,apetit,aphrodisiac,apiec,apolog,apologet,app,appal,appar,appeal,appear,appeas,appet,appetis,appetit,appetizer-,appi,appl,applaud,applaus,applebe,applesauc,appli,applic,appoint,appreci,apprehens,approach,appropri,approv,approx,approxim,apricot,april,apron,apt,aptli,arbol,archi,architectur,arctic,area,area.i,arena,arent,arepa,argentin,argentina,argentinean,argentinian,argu,arguabl,argument,ari,aris,arizona,arm,armi,arnold,aroma,aromat,around,around.th,arrang,array,arrest,arriv,arrog,arroz,ars,art,arteri,artery-clog,arthur,arti,artichok,articl,artisan,artist,artsi,artwork,arugula,asada,asado,asap,asham,ashland,asia,asiago,asian,asian-fus,asian-inspir,asid,ask,asleep,asparagu,aspect,aspir,ass,assault,assembl,assert,assess,asset,asshol,assign,assist,associ,assort,assum,assumpt,assur,astonish,astound,astoundingli,astray,astronom,ate,atlant,atlanta,atleast,atm,atmospher,atmosphere.i,atmosphere.th,atmostpher,atom,atop,atrium,atroci,attach,attack,attempt,attend,attent,attentive.th,attest,attir,attitud,attract,attribut,atyp,au,audibl,audienc,august,aunt,aunti,aura,austin,australia,australian,authent,author,auto,autograph,automat,autumn,avacado,avail,ave,ave.,avec,avenu,averag,avers,avg,avid,avocado,avoid,avondal,aw,await,awak,awaken,awar,award,away,away.th,awe,awesom,awesome-,awesome.i,awesome.th,awhil,awkward,awkwardli,awn,awsom,awww,ayc,az,b,b+,b-,b-b-q,b-day,b.,b.y.o.b,b/c,b/f,b4,ba,baba,babe,babi,baby-back,babyback,bachelor,bachelorett,back,back-,back..,back.i,back.th,backbon,backdrop,background,backlash,backpack,backup,backward,backyard,bacon,bacon-wrap,bad,bad-,bad..,bad.i,bad.th,badass,badli,baffl,bag,bagel,baguett,bail,bailey,baja,bake,baker,bakeri,bakersfield,baklava,balanc,bald,ball,baller,ballpark,ballroom,balsam,baltimor,bam,bamboo,ban,banana,band,bandwagon,bang,bangin,bangkok,bank,banner,banquet,banquett,banter,bao,bap,bar,bar-b-qu,bar.i,bar.th,bar/loung,bar/restaur,barbacoa,barbara,barbecu,barbequ,barbq,bare,bargain,barista,bark,barley,barn,barnelli,barney,barrel,barri,barrier,barrymor,barstool,bartend,bartender/serv,bartendress,basa,base,basebal,basement,bash,basi,basic,basil,basil-lim,bask,basket,basketbal,bass,bast,bastard,bat,batali,batch,bath,bathroom,batman,batter,battl,bay,bayless,bayou,bbblt,bbq,bbq.i,bc,bday,bdub,be.i,bea,beach,bead,beam,bean,beans/ric,beantown,bear,bearabl,beard,beast,beat,beaten,beau,beausoleil,beauti,becam,beckon,becom,becuas,bed,bedroom,bee,beef,beef-,beef-n-cheddar,beef/sausag,beefi,beehiv,beer,beer-batt,beet,beforehand,beg,began,beggar,begin,begrudgingli,behalf,behav,behavior,behemoth,behind,behold,beignet,belgian,belgium,belief,believ,bell,bellagio,belli,bellini,belong,belov,belt,belveder,ben,bench,benchmark,bend,beneath,benedict,benedict-,benefit,benni,bent,berat,berenjena,berkshir,berri,besid,best,best.th,bestest,besti,bet,better,better..,better.i,better.th,beverag,beverli,bevi,bewar,bewild,beyond,bf,bfast,bff,bi,bi-bim-bop,bia,bias,bib,bibimbap,bibimbop,bicycl,bid,bife,big,bigger,biggest,biggi,bigstar,bike,biker,bill,billi,billion,bim,bimbimbap,bimbimbop,bin,bind,bing,bingenheim,bingo,binni,bird,birth,birthday,biscuit,bisqu,bistro,bit,bitch,bitchi,bite,bite-s,bitten,bitter,bittersweet,bitti,bivalv,biz,bizarr,bjc,black,blackberri,blackbird,blackboard,blacken,blackhawk,blah,blame,blanc,blanco,bland,blank,blanket,blare,blasphemi,blast,blatant,blatantli,blatz,blaze,bld,bleach,blech,bleed,bleh,blend,blender,bless,bleu,blew,blind,blindfold,blink,blintz,bliss,blizzard,bloat,blob,block,blog,blogger,blond,blood,bloodi,blossom,blow,blown,blt,blu,bluberri,blue,blueberri,bluebird,blujam,blurri,blush,blvd,bo,boar,board,boast,boat,bob,bock,bodi,boggl,bohemian,boil,boister,bok,bold,bolillo,bologna,bolt,bomb,bomb.com,bon,bonafid,bonchon,bond,bone,bone-in,boneless,bongo,boni,bonu,boo,boob,book,bookmark,boom,boost,boot,booth,booti,booz,boozi,bop,border,borderlin,bore,born,borrego,borrow,borscht,boss,boston,bostonian,botana,bother,bothersom,bottl,bottom,bottomless,bouch,boucheri,bouchon,boudin,bought,bougi,boulevard,bounc,bouncer,bound,bounti,bourbon,bourdain,bout,boutiqu,bow,bowl,bowl-,bowti,box,boy,boyfriend,brace,bradshaw,brag,brain,brainer,brais,branch,brand,brandi,branzino,brasa,brass,brat,brave,bravo,brazilian,brea,bread,bread..,bread.th,breadcrumb,breadi,breadth,break,breakdown,breaker,breakfast,breakfast.i,breakfast/brunch,breakfast/brunch/lunch,breakfast/lunch,breakfasti,breast,breath,breathtak,breed,breez,breezi,brekki,brennan,brent,brew,breweri,brian,bribe,brick,bridal,bride,bridg,brie,brief,briefli,bright,brighten,brighter,brightli,brilliant,brilliantli,brim,brine,briney,bring,brini,brioch,brisk,brisket,brisket-,briskett,brisquet,british,brittl,bro,broad,broadway,broccoli,broil,broke,broken,bronzini,brooklyn,broth,brother,brother-in-law,brothi,brought,brow,brown,browni,brows,bruce,bruchetta,brule,brunch,brunch-,brunch.w,brunch/breakfast,brunch/lunch,bruschetta,brush,brusqu,brussel,brutal,brûlée,bs,btw,bu,bub,bubbl,buck,bucket,bucktown,buckwheat,bud,budda,buddah,buddakan,buddakhan,buddha,buddhakan,buddi,budg,budget,budweis,buena,bueno,buff,buffalo,buffer,buffet,buffett,bug,build,built,bulg,bulgogi,bulki,bull,bulldog,bullet,bullshit,bum,bummer,bump,bumpin,bun,bunch,bundl,bungalow,bunni,burb,burden,burger,burger-,burgundi,buri,burmes,burn,burnt,burp,burrata,burrito,burst,busboy,buse,bush,busi,busier,busiest,buss,busser,bust,bustl,but..,butcher,butt,butter,butterfield,butterfli,butteri,buttermilk,butternut,butterscotch,button,buy,buzz,buzzer,bye,byo,byob,bypass,c,c'mon,c.,ca,cab,cabbag,cabbi,cabernet,cabin,cabinet,cabl,cacao,cachon,cacophoni,cadillac,caesar,cafe,cafeteria,cafeteria-styl,caff,caffein,café,cajeta,cajun,cajun/creol,cake,cal,calamari,calcul,cali,calib,california,californian,call,caller,callo,calm,calor,calori,cam,camaron,came,camel,camera,camp,campaign,campbel,camper,campfir,canada,canadian,canal,cancel,cancer,candelight,candi,candl,candle-lit,candlelight,candlelit,candlestick,cane,canist,cannoli,cant,cantaloup,canter,cantina,cantones,cantor,canyon,cap,capabl,capac,cape,caper,capit,cappuccino,capres,captain,captiv,captur,car,caraf,caramel,caraway,carb,carbon,carbonara,carbonnara,card,cardboard,cardin,cardiologist,care,career,cari,carl,carlo,carmel,carn,carnegi,carnita,carniv,carnivor,carolin,carolina,carpaccio,carpet,carr,carri,carrot,carry-out,carryout,carson,cart,cartilag,carton,carv,case,casey,cash,cash-onli,cashew,cashier,casino,casserol,cassoulet,cast,castl,casual,cat,catch,catdaddi,categori,cater,catfish,cathol,cattl,caucasian,caught,cauliflow,caus,caution,cava,cave,caveat,cavern,caviar,cayenn,cb,cc,ce,ceas,ceasar,ceil,cel-ray,celeb,celebr,celebratori,celeri,celiac,cell,cellar,cellphon,cement,cent,center,centerpiec,central,centuri,ceram,cereal,cero,certain,certainli,certif,cervich,cesar,cevich,chagrin,chai,chain,chair,chalk,chalkboard,challah,challeng,chamomil,champ,champagn,champion,chanc,chandeli,chang,channel,chant,chao,chaotic,char,char-gril,charact,characterist,charbroil,charcuteri,chard,chardonnay,charg,chargril,charl,charli,charm,charmingli,charro,chart,chase,chat,chatter,chatti,cheap,cheaper,cheapest,cheat,check,check-in,checker,checkin,checklist,cheddar,chee,cheek,cheer,cheeri,chees,cheese-,cheese.th,cheeseburg,cheesecak,cheesesteak,cheesey,cheesi,chef,chef/own,chelada,chelsea,chemic,cherri,cherryston,chese,chess,chest,chew,chewi,chewier,chi,chi-town,chiang,chic,chicago,chicago-styl,chicago.i,chicago.th,chicagoan,chicagoland,chick,chicken,chicken-,chicken..,chicken.th,chicken/waffl,chief,chihuahua,chilaquil,child,childhood,children,chile,chilean,chili,chili-chees,chili-garl,chill,chilli,chimchurri,chime,chimichuri,chimichurri,chimmichurri,chin,china,chinatown,chines,chip,chipolt,chipotl,chit,chitown,chive,chix,cho,choc,chock,choco,chocohol,chocol,chocolate-,chocolate..,chocolate.i,chocolatey,chocolati,choic,choke,cholesterol,chomp,chon,choos,chop,chopstick,chorizo,choru,chose,chosen,chow,chowda,chowder,chowhound,choy,chri,christ,christian,christina,christma,chronicl,chuck,chuckl,chug,chunk,chunki,church,churn,churrasco,churro,chutima,ciabatta,ciara,cider,cigar,cigarett,cilantro,cinco,cinnamon,cinnamoni,ciopinno,cioppini,cioppino,circa,circl,circu,circul,circular,circumst,cite,citi,citizen,citron,citru,citrusi,city.i,city.th,civil,claim,clam,clamor,clap,clarifi,clark,clash,class,classi,classic,classier,classifi,claustrophob,claw,clean,cleaner,cleanest,cleanli,cleans,cleanser,clear,clearli,clementin,clever,clich,click,client,clientel,cliff,climb,clinton,clip,clipboard,clock,clog,close,closer,closest,closet,closur,cloth,cloud,cloudi,clown,cloy,cloyingli,club,clubbi,cluck,clue,clueless,clump,clumpi,cluster,clutch,clutter,cm,co,co-din,co-work,co.,coach,coars,coast,coaster,coat,cob,cobb,cobbl,cobbler,cobler,cochon,cockroach,cocktail,cocoa,coconut,coconut-lim,coctail,cod,cod-,code,coffe,cognac,coin,coincid,coincident,coke,cold,colder,cole,cole-slaw,coleslaw,collaps,collar,collard,colleagu,collect,colleg,color,colorado,coloss,columbu,com,coma,combin,combo,come,comeback,comedi,comedian,comfi,comfort,comic,command,commend,comment,commerci,commit,commod,common,commonli,commun,commut,comp,compact,compani,companion,compar,comparison,compel,compens,compet,competit,competitor,complain,complaint,complement,complementari,complet,complex,complic,compliment,complimentari,compon,compos,compot,comprehend,comprehens,compris,compromis,comput,con,conced,conceiv,concentr,concept,concern,concert,concierg,conclud,conclus,concoct,concret,concur,condens,condescend,condiment,condit,conduc,conduct,cone,coney,confer,confess,confid,confin,confirm,confit,confitur,conflict,confront,confus,congest,congratul,conjur,connect,connecticut,connoisseur,conquer,conscienc,consciou,consecut,consensu,consequ,conserv,consid,consider,consist,consol,constant,constantli,constitut,constraint,construct,consult,consum,consumpt,contact,contain,contamin,contempl,contemporari,contend,content,contest,context,contin,continu,contrari,contrast,contribut,control,conveni,convent,convers,convert,convey,convinc,convo,cook,cookbook,cooker,cooki,cookin,cool,cooler,coolest,coop,cooper,coordin,cop,copi,copiou,cordial,core,cork,corkag,corkscrew,corn,cornbeef,cornbread,corndog,corned-beef,corner,cornflak,corni,cornmeal,corona,corpor,correct,correctli,corridor,cosi,cosmo,cosmopolitan,cost,costco,costeleta,costli,costum,cotija,cotta,cottag,cotton,cou,couch,couchon,cougar,cough,could,coulda,couldnt,count,counter,counteract,counterpart,counterpoint,counti,countless,countri,coupl,coupon,courag,cours,court,courtbouillon,courteou,courtesi,couscou,cousin,cover,covet,cow,cowboy,cowork,coz,cozi,crab,crabbi,crabcak,crabmeat,crack,cracker,crackl,cracklin,cradl,craft,cram,cramp,cranberri,crank,cranki,crap,crappi,crappiest,crash,crave,craw,crawfish,crawl,craze,crazi,crazier,cream,creama,creamer,creami,creamier,creat,creation,creativ,creatur,cred,credibl,credit,creek,creekston,creep,creepi,crema,creme,creol,crepe,crept,crew,cri,cricket,crime,crimin,cring,crinkl,crinkle-cut,crinkli,cripsi,crisi,crisp,crispi,crispier,crispiest,cristo,critic,critiqu,critter,crock,croissant,croqu,croquett,cross,crostini,crotch,crotcheti,crouton,crow,crowd,crown,crucial,cruddi,crude,crudo,cruel,cruis,crumb,crumbl,crunch,crunchi,crush,crust,crustacean,crusti,crystal,crème,ct,cta,cu,cub,cuba,cuban,cube,cucumb,cucumber-vanilla,cue,cuisin,culinari,cullen,cult,cultur,culver,cum,cumin,cunt,cup,cupcak,curb,curb-sid,curbsid,curd,cure,curios,curiou,curl,curli,currant,current,curri,curry-,curs,curt,curtain,curv,cushion,custard,custom,customari,cut,cute,cutest,cuti,cutlet,cuz,cv,cycl,czech,d,d-bag,d.,da,dab,dabbl,dad,daddi,daili,dainti,dairi,dak,dakota,dale,dalla,dam,damag,damen,dammit,damn,damnit,damp,dampen,damper,dan,danc,dandi,dang,danger,dangl,daniel,danish,dank,danni,dare,dark,darken,darker,darkest,darkli,darl,darn,dash,dat,date,daughter,daunt,dave,david,dawg,dawn,day,day..,day.i,day.th,day.w,daydream,daylight,daytim,dazzl,dc,ddd,de,de-lish,dead,deadli,deaf,deafen,deal,dealer,dealt,dear,dearli,death,deaw,debat,debaucheri,debit,decad,decatur,deceiv,decemb,decent,decept,decero,decibel,decid,decidedli,deciph,decis,deck,decker,declar,declin,deco,deconstruct,decor,dedic,deduct,dee,deeeelici,deelish,deem,deep,deep-fri,deeper,deepli,def,default,defeat,defend,defens,defer,defi,defiantli,defin,definet,definetli,definit,definitley,definitli,defint,defnit,degre,dehydr,del,delay,delciou,delect,deli,deli-styl,deli/din,deliber,delic,delicaci,delicatessen,delici,delicioso,delicious-,delicious..,delicious.and,delicious.i,delicious.mi,delicious.th,delicious.w,delight,deliri,delish,deliv,deliveri,demand,demeanor,demograph,demolish,demonstr,deni,denni,dens,denser,densiti,dent,dentist,dentur,denver,depart,departur,depend,deposit,depress,depriv,depth,deriv,descend,descent,describ,descript,desert,deserv,deservedli,design,desir,desk,desol,desper,despis,despit,dessert,dessert-,dessert.th,destin,destroy,detail,detect,deter,deterior,determin,detour,detract,detroit,deuc,develop,deviat,devic,devil,devin,devoid,devot,devour,dew,dh,di,diabet,diagon,dial,diamet,diamond,diana,diarrhea,dice,dicey,dick,dictat,did.i,did.th,didnt,die,die-hard,diego,diet,dietari,diff,differ,differenti,difficult,difficulti,dig,digest,diggiti,digit,digress,dijon,dilapid,dilemma,dilig,dill,dilut,dim,dime,dimens,diminish,dimli,din,dine,dine-in,dinela,diner,ding,dingi,dinner,dinner-,dinner.i,dinner.th,dinner.w,dinnertim,dinosaur,dip,direct,directli,director,dirt,dirti,disabl,disagre,disapoint,disappear,disappoint,disappoint.th,disappointed.i,disappointed.th,disappointingli,disassembl,disast,disbelief,discard,discern,disclaim,disclosur,discomfort,discount,discourag,discov,discoveri,discret,discrimin,discuss,disdain,diseas,disgruntl,disguis,disgust,disgustingli,dish,dish.i,dish.th,dishes.i,dishes.th,dishwash,disintegr,disinterest,dislik,dismal,dismay,dismiss,disney,disneyland,disord,disorgan,dispens,displac,display,displeas,displeasur,disput,disregard,disrespect,dissapoint,dissappoint,dissatisfi,disservic,dissolv,distanc,distant,distast,distilleri,distinct,distinctli,distinguish,distract,distress,distribut,district,disturb,ditch,ditto,dive,dive-i,divers,divey,divid,divin,divis,diy,dizzi,dj,doabl,dock,doctor,document,dodg,dodger,dodgi,doesnt,dog,dog.th,doggi,doin,doll,dollar,dollop,domest,domin,donald,donat,done,donna,dont,donut,dook,doom,door,doorman,doormen,doorway,dope,dorado,dose,dot,doubl,double-bak,doubt,douch,douchebag,doug,dough,doughboy,doughi,doughnut,dougla,dous,dove,down-hom,down-to-earth,down.i,down.th,downer,downfal,downgrad,downhil,downpour,downright,downsid,downstair,downtown,dozen,dq,dr,dr.,drab,draft,drafti,drag,drago,drain,drama,dramat,drank,drastic,draw,drawback,drawn,dread,dream,dreami,dreari,drench,dress,dressi,drew,dri,dribbl,drier,drift,drill,drink,drinkabl,drinker,drinks-,drip,drippi,drive,drive-in,drive-through,drive-thru,driven,driver,drizzl,drool,drool-worthi,drop,drove,drown,drug,drum,drumett,drummett,drumstick,drunk,drunken,dryness,dtla,du,dub,duck,dude,due,dug,duh,duke,dulc,dull,dumb,dumbfound,dump,dumpi,dumpl,dumplings-,dun,dung,dungeon,dunk,dunkin,dunno,duo,duper,duplic,durat,dust,duti,duxburi,dwarf,dwell,dynamit,décor,e,e-mail,e.,e.g,e.g.,eachoth,eager,eagerli,eagl,ear,earli,earlier,earliest,earn,earth,earthi,eas,easi,easier,easiest,easili,east,easter,eastern,eastsid,eat,eat.i,eat.th,eaten,eater,eateri,eatin,eavesdrop,ec,eccentr,echo,eclair,eclect,econom,economi,ecstasi,ecstat,ed,edamam,eddi,edemam,edg,edgi,edibl,edit,educ,eek,ef,eff,effect,effici,effin,effort,effortlessli,eg,egg,egg-whit,eggi,eggless,eggnog,eggplant,eggrol,eggwhich,eggwich,ego,eh,ehh,ehhh,ehhhh,eight,either,either.i,either.th,el,elabor,elat,elbow,elderflow,elderli,elect,electr,electron,eleg,elegantli,element,elementari,eleph,elev,eleven,elimin,elit,elitist,elot,els,else.th,elsewher,elus,elvi,em,email,embarass,embark,embarrass,embed,embellish,embodi,embrac,emerg,emeril,emot,empanada,empanadas-,empanda,empenada,emperor,emphas,emphasi,empinada,empir,employ,employe,empti,en,enabl,enamor,encas,enchilada,enclav,enclos,encompass,encount,encourag,encrust,end,end.i,endear,endeavor,endless,endlessli,endors,endur,enemi,energet,energi,enforc,engag,engin,england,english,enhanc,enjoy,enlighten,enorm,enough,ensalada,ensu,ensur,entail,enter,entertain,enthral,enthus,enthusiasm,enthusiast,entic,entir,entireti,entitl,entourag,entr,entranc,entre,entri,entryway,entré,envelop,envi,enviou,environ,envis,ephron,epic,episod,epitom,eponym,equal,equat,equip,equival,er,era,eras,eric,erin,err,errand,error,erupt,escal,escap,escargot,eschew,escort,esp,especi,espn,espresso,essay,essenc,essenti,essex,establish,estat,estilo,estim,et,etc,etc.,etc..,etc.th,etch,etern,ethnic,etiquett,etoufe,etouff,etouffe,euphoria,euro,europ,european,eva,evalu,eve,evelyn,even,evenli,event,eventu,ever,ever.i,ever.th,everi,everybodi,everyday,everyon,everyth,everything-,everything.th,everytim,everywher,evid,evil,evok,evolv,ew,ewe,eww,ex,exact,exactli,exagger,examin,exampl,exasper,exce,exceed,exceedingli,excel,excellent-,excellent.i,excellent.th,excellent.w,except,excess,exchang,excit,excitedli,exclaim,exclud,exclus,excurs,excus,execut,exemplari,exercis,exhaust,exhibit,exist,exit,exorbit,exot,expand,expans,expect,expedit,expens,experi,experienc,experience-,experience.i,experience.th,expert,expertis,expertli,expir,explain,explan,explod,exploit,explor,explos,exponenti,expos,exposur,express,expressway,exquisit,extend,extens,extent,exterior,extra,extraordinari,extraordinarili,extravag,extravaganza,extrem,exud,eye,eyebal,eyebrow,f,f'in,f'ing,f***ing,f*ck,f-ing,f.,fab,fabl,fabul,facad,face,facebook,facial,facil,facilit,fact,factor,factori,fade,fail,failur,faint,fair,fairfax,fairi,fairli,faith,fake,fale,fall,fall-off-the-bon,fallen,fals,fam,fame,famili,familiar,family-styl,famish,famou,fan,fan.i,fanat,fanci,fancier,fanciest,faneuil,fanfar,fanni,fantabul,fantas,fantasi,fantast,fantastic.i,fantastic.th,far,fare,farm,farmer,farmhous,fart,farther,fascin,fashion,fast,fast-food,faster,fastest,fat,fatass,fate,father,father-in-law,fathom,fatten,fatti,fattier,fault,faux,fav,fava,fave,favor,favorit,favourit,fay,fb,fear,feast,feat,feather,featur,feb,februari,fed,fedex,fee,feed,feedback,feel,feelin,feet,fell,fella,fellow,felt,femal,fenc,fend,fennel,fenway,ferrari,fest,festiv,feta,fetch,fettuccin,fettucini,feuill,fever,fewer,fianc,fiance,fiancé,field,fiend,fierc,fieri,fifteen,fifth,fifti,fig,fight,figur,file,filet,filipino,fill,filler,fillet,film,filter,filth,filthi,fin,final,financi,find,fine,fine.th,finer,finess,finest,finger,finger-lickin,fingerl,finish,fiorella,fire,firework,firm,firmer,firmli,first,first-tim,firstli,fish,fisherman,fishi,fist,fit,five,five-star,fix,fixat,fixin,fixtur,fizz,fizzi,fl,flabbergast,flag,flagship,flair,flake,flakey,flaki,flame,flan,flank,flannel,flap,flapjack,flare,flash,flashi,flashlight,flat,flatbread,flatiron,flauta,flavor,flavor.i,flavor.th,flavorful.i,flavorful.th,flavorless,flavour,flaw,flawless,flawlessli,flea,fleck,fleet,flesh,flew,flexibl,fli,flight,flintston,flip,flirt,float,floater,flock,flood,floor,flop,floppi,floral,florentin,florida,flour,flourless,flow,flower,floyd,flu,fluff,fluffi,fluffier,fluffiest,fluke,fluoresc,flush,fluster,flute,fo,foam,focu,focus,foi,foie,foil,fold,foliag,folk,folklor,follow,fond,fondli,fondu,font,foo,food,food-,food-wis,food..,food.i,food.it,food.mi,food.our,food.th,food.thi,food.w,food/drink,foodett,foodgasm,foodi,foodwis,fool,foolish,foolishli,foot,footbal,for.i,for.th,foray,forbid,forc,forego,forehead,foreign,foremost,forest,forev,forewarn,forget,forgett,forgiv,forgiven,forgo,forgot,forgotten,fork,form,formal,format,former,formerli,formula,forth,forti,fortun,forty-f,forward,foster,fought,foul,found,foundat,fountain,four,four-star,foursquar,fourth,fox,fq,fraction,fragranc,fragrant,fraich,frame,fran,franc,franchis,francisco,frank,franki,frankli,frantic,fraser,frat,frazzl,freak,freaki,freakin,fred,free,freedom,freeli,freeway,freez,freezer,french,french-press,frenchman,frenzi,frequenc,frequent,fresca,fresco,fresh,fresh-cut,fresh-tast,fresh.th,fresher,freshest,freshli,fresser,fret,fri,frick,fricken,frickin,friday,fridg,friend,friendli,friendlier,friendliest,friendly.a,friendly.i,friendly.th,friends/famili,friendship,fries..,fries.th,frig,friggin,frighten,frigid,frijol,frill,frise,fritata,fritatta,frite,frito,frittata,fritter,frog,front,frontera,frost,frosti,froth,frothi,frou,frown,frozen,fru,frugal,fruit,fruiti,frustrat,fryer,ft,ftw,fu,fuck,fuckin,fudg,fuel,fulfil,full,full-siz,fuller,fulli,fun,fun-,function,fund,fundament,fundido,fundito,fundrais,funk,funki,funni,furiou,furnish,furnitur,furthermor,fuse,fusion,fuss,fussi,futur,fuzzi,fyi,g,g.,ga,gab,gag,gaga,gai,gain,gal,galanga,gale,galleri,gallo,gallon,galor,gambl,game,gamey,gami,gamut,ganach,gang,gangster,gap,garag,garbag,garden,gargantuan,garlic,garlici,garlicki,garner,garnish,gasp,gastronom,gate,gather,gato,gator,gauc,gaudi,gaug,gave,gawd,gawk,gay,gaze,gazpacho,gear,geari,gee,geez,gefilt,gelatin,gelato,gem,gender,gene,gener,geniu,genr,gent,gentil,gentl,gentleman,gentlemen,gentli,gentrifi,genuin,georg,georgia,germain,german,gestur,get,getaway,gettin,gf,ghetto,ghost,gia,giacomo,giant,giardinera,giardiniera,gibson,giddi,gift,gig,gigant,giggl,gill,gilt,gim,gimlet,gimmick,gimmicki,gin,gina,ginger,ginorm,girl,girlfriend,girli,give,given,glad,gladli,glam,glamor,glamour,glanc,glare,glass,glasswar,glaze,glee,glendal,glimps,glisten,glitch,glitz,glitzi,glob,global,globe,gloomi,gloppi,glori,glorifi,gloriou,gloucest,glove,glow,glue,gluten,gluten-fre,glutin,glutton,gluttoni,gm,gnaw,gnocchi,go,go-go,go-to,go..,go.i,go.th,goal,goat,gob,gobbl,goblet,gochujang,god,goddamn,goddess,godfath,godli,goe,goer,goggl,gogo,gold,golden,golf,gon,gone,goo,good,good-,good-look,good-siz,good..,good.a,good.but,good.for,good.howev,good.i,good.if,good.it,good.mi,good.overal,good.servic,good.th,good.they,good.thi,good.w,good.when,goodby,goodi,gooey,googl,goong,goood,gooood,goooood,goop,goopi,goos,gorg,gorgeou,gorgeous,gorgonzola,gosh,gossip,got,goto,gotten,goulash,gourmet,govern,gp,gra,grab,grace,graciou,gracious,grad,grade,graduat,graham,grail,grain,graini,gram,gramma,granada,grand,grandfath,grandios,grandma,grandmoth,grandpa,grandpar,granni,granola,grant,grape,grapefruit,grass,grass-f,grate,gratin,gratuit,gratuiti,grave,gravi,gravit,gray,graze,greas,greasi,great,great-,great..,great.i,great.th,great.w,greater,greatest,greatli,greatth,greedi,greek,green,greenblatt,greet,greeter,greg,grew,grey,griddl,grief,griffith,grigio,grill,grimi,grin,grind,grinder,gringo,grip,gripe,gristl,gristli,grit,gritti,grizzl,groan,groceri,gross,grossli,grouchi,ground,group,groupi,groupon,grove,grow,growl,grown,grub,gruff,grumbl,grumpi,grungi,gruyer,guac,guacamol,guacomol,guajillo,guarante,guard,guess,guest,guid,guidanc,guilt,guilti,guin,guiness,guitar,guitarist,gulden,gulf,gullet,gulp,gum,gumbal,gumbo,gummi,gun,gunpowd,gush,gussi,gusto,gut,guy,guzzl,gym,gyoza,gyro,h,h.,habanero,habit,hack,had..,had.i,had.th,had.w,hah,haha,hahaha,hail,hair,haircut,hakkasan,half,half-and-half,half-ass,half-chicken,half-hour,halfway,halibut,hall,hallelujah,halloween,hallway,halv,ham,hamachi,hamantaschen,hamburg,hamentashen,hammer,hand,hand-cut,handcut,handi,handicap,handl,handmad,hands-down,handsom,hang,hanger,hangout,hangov,hanker,hanov,happen,happi,happier,happiest,happili,har,harass,harbor,hard,hardcor,harder,hardest,hardi,hardli,hardwood,hardwork,haricot,harissa,harmoni,harold,harp,harpoon,harri,harsh,harvest,hash,hash-,hashbrown,hassl,hast,hat,hate,hater,hatfield,haul,haunt,haut,have.i,haven,havent,haw,hawaii,hawaiian,hawk,hay,haymarket,hazard,haze,hazelnut,hazi,hc,he/sh,head,headach,headchees,headlin,heal,health,healthi,healthier,healthiest,heap,hear,heard,heart,heartbeat,heartburn,hearti,heartier,heartili,heartland,heat,heater,heather,heav,heaven,heaven.th,heavenli,heavi,heavier,heavili,heck,hectic,hee,heed,heel,hefti,hehe,height,heighten,heirloom,held,helen,hell,hella,hello,help,hem,hemingway,hemp,hen,henc,hendrick,herald,herb,herbal,herbi,herbsaint,herd,here-,here..,here.first,here.i,here.if,here.it,here.th,here.w,heritag,hero,hershey,hesit,hey,hh,hhagg,hhgg,hibiscu,hiccup,hickori,hidden,hide,hideou,high,high-class,high-end,high-qual,highchair,higher,highest,highli,highlight,highway,hike,hilari,hill,hillbilli,hilton,hindsight,hint,hip,hip-hop,hippi,hipster,hipstervil,hire,his/her,hispan,histor,histori,hit,hit-or-miss,hm,hmm,hmmm,hmmmm,ho,hoagi,hoard,hock,hockey,hog,hogwart,hoisin,hold,holder,hole,hole-in-the-wal,holi,holiday,holla,hollandais,holler,holli,hollywood,homag,home,home-cook,home-mad,home.i,homefri,homeless,homemad,homer,homestyl,hometown,homework,homey,homi,homogen,hon,honest,honesti,honestli,honey,honeydew,honeymoon,hong,hongo,honki,honor,hoo,hood,hoodi,hook,hooker,hoopla,hooray,hoot,hoover,hop,hope,hoppin,hor,horchata,hord,hormon,horn,horrend,horribl,horrid,horrif,horrifi,horror,hors,horseradish,hospit,host,host/hostess,hostess,hostess/waitress,hostil,hot,hot-dog,hotdog,hotel,hotspot,hotter,hottest,hound,hour,hour+,hour-long,hous,house-cur,house-mad,house-smok,housemad,houston,hover,howev,howi,hr,hub,hubbi,hubbub,huddl,hudson,hue,huevo,huff,hug,huge,hugeee,hugest,hugh,hugo,huh,huitlacoch,hum,human,humbl,humid,humili,hummingbird,hummu,humong,humor,hump,humung,hundr,hung,hung-ov,hungarian,hunger,hungov,hungri,hungrier,hungry.i,hunk,hunt,hurdl,hurri,hurrican,hurt,husband,hush,hustl,hut,huuuug,huuuuug,hybrid,hyde,hype,hype.i,hyperbol,i.,i.d,i.e,i.e.,ice,ice-cream,iceberg,icebox,icecream,ici,ick,icki,icob,icon,id,idea,ideal,ident,identifi,idiot,idk,ie,iffi,ignor,ihop,ii,il,ill,illeg,illinoi,illumin,illus,illustr,im,imag,imagin,imbib,imho,imit,immacul,immedi,immens,immers,immigr,imo,impact,impart,impati,impecc,imperi,imperson,implement,impli,import,importantli,impos,imposs,impress,impromptu,improv,in-,in-and-out,in-between,in-hous,in-law,in-n-out,in.i,in.th,in/out,inabl,inappropri,inattent,incent,inch,incid,incident,incl,inclin,includ,inclus,incom,incompar,incompet,incomplet,inconsider,inconsist,inconveni,inconvenienc,incorpor,incorrect,incorrectli,increas,increasingli,incred,incredible.th,incredul,inde,indecis,indescrib,indi,indian,indiana,indic,indiffer,individu,indoor,induc,indulg,industri,inebri,ined,ineffici,inept,inevit,inexcus,inexpens,inexplic,infact,infam,infant,inferior,infest,infinit,inflat,influenc,influx,info,inform,infuri,infus,ing,ingeni,ingest,ingredi,inhal,inher,initi,inject,injuri,inn,innard,inner,innoc,innov,input,inquir,insan,insensit,insert,insid,insight,insipid,insist,inspect,inspir,instagram,instal,instanc,instant,instantan,instantli,instead,instinct,institut,instruct,insult,int,intact,intak,integr,intellig,intelligentsia,intend,intens,intent,interact,interest,interestingli,interfer,interior,intern,internet,interplay,interpret,interrupt,intersect,interview,intestin,intim,intimid,intoler,intox,intric,intrigu,introduc,introduct,intrus,invad,invari,invas,invent,invest,invis,invit,involv,ip,ipa,iphon,ippudo,ipswich,irish,irk,iron,ironi,irrelev,irresist,irrit,irv,irvin,is..,is.i,is.th,isaan,isan-styl,ish,island,isnt,isol,issan,issu,it-,it.,it.-,it..,it.a,it.al,it.and,it.but,it.for,it.i,it.if,it.in,it.it,it.mi,it.overal,it.servic,it.so,it.th,it.thi,it.w,it.when,itali,italian,itch,item,iti,itinerari,itti,ive,izzi,j,j.,j/k,jab,jack,jackass,jacket,jackfruit,jackson,jacqu,jade,jae,jalapeno,jalapeño,jalepeno,jam,jam-pack,jambalaya,jambalya,jame,jamon,jan,jane,januari,japanes,jar,jasmin,jason,jaunt,jaw,jay,jazz,jazzfest,jazzi,je,jealou,jean,jebu,jeez,jeff,jelli,jello,jen,jenni,jennif,jerk,jerki,jerri,jersey,jess,jessica,jesu,jet,jew,jewel,jewish,jicama,jill,jim,jimbalaya,jimmi,jk,joan,joanna,job,joe,joel,john,johnni,johnnycak,join,joint,joke,jokingli,jon,jonah,jonathan,jone,jones,jordan,jose,josh,jostl,jour,journey,jowl,joy,jr.,ju,juan,jude,judg,judgement,judgment,jug,juggl,juic,juici,juicier,juiciest,juke,jukebox,julep,juli,julio,julip,jumbalaya,jumbl,jumbo,jump,jumper,june,junior,junk,junki,juri,justic,justifi,justin,k,k-town,k.,ka,kah,kahan,kai,kaiser,kale,kamil,kang,kansa,kao,kaow,karaok,karen,karma,kasa,kasha,kat,kat'z,katama,katella,kati,katiem,katrina,katz,kc,kcrw,kee,keen,keep,keeper,kelli,kennedi,kenni,kentucki,kept,kernel,ketchup,kettl,kevin,key,keyboard,kfc,kha,khai,khao,kibbitz,kibbutz,kibitz,kick,kick-ass,kicker,kid,kiddi,kill,killer,kim,kimche,kimchi,kind,kinda,kindli,king,kink,kishka,kiss,kitchen,kitchi,kitsch,kitschi,kitti,kiwi,kiwi-watermelon,knee,knew,knife,knish,knive,knock,knockout,know,know..,knowledg,known,knuckl,kobe,koi,kokomo,komol,kong,koong,korea,korean,korean-styl,koreatown,kosher,kosher-styl,kouign,kraft,kraut,krema,kreplach,krinkl,krispi,krob,kudo,kugel,kuma,kumamoto,kumomoto,kumquat,kung,kusshi,kyochon,l,l.,l.a,l.a.,la,la..,la.th,label,labor,lace,lack,lacklust,lacma,lactos,laden,ladi,ladl,lag,lager,lagunita,laid,laid-back,lait,lake,laker,lakeview,lala,lamb,lame,lament,lamp,land,landmark,landscap,lane,langer,langosta,languag,lao,lap,lapd,laptop,larb,larchmont,lard,lardon,larg,larger,largest,largo,larri,lasagna,last,last-minut,lastli,late,late-night,later,later.i,latest,lather,latin,latino,latk,latka,latt,latter,laugh,laughabl,laughter,laundri,laura,laurel,lauren,lava,lavend,lavish,law,lawn,lawrenc,lawyer,lax,lay,layer,layout,layov,lazi,lb,le,lead,leaf,leagu,leak,lean,leaner,leap,learn,least,leather,leav,lech,lectur,led,ledg,lee,leek,leeri,left,left-ov,leftov,leg,legal,legend,legendari,legit,legitim,leighann,leisur,lem,lemon,lemonad,lemongrass,lemoni,lend,length,lengthi,lengua,lent,lentil,less,lessen,lesser,lesson,lest,let,let-down,letdown,letter,lettuc,level,lewi,liar,libat,liber,liberti,librari,licens,lick,lickin,lid,lie,lieu,life,life-chang,life.i,lifeless,lifelong,lifestyl,lifetim,lift,light,lighten,lighter,lightest,lightli,lightn,lightweight,like,like..,liken,likewis,likey,lil,lilli,lima,limb,lime,limead,limey,limit,limon,limp,lincoln,linda,line,linen,lineup,linger,link,lip,lipstick,liqueur,liquid,liquidi,liquor,lisa,list,listen,lit,lite,liter,litter,littl,littleneck,live,liver,liverwurst,ll,lmao,lo,load,loaf,loath,loav,lobbi,lobsta,lobstah,lobster,lobsteri,local,locat,lock,loft,lofti,log,logan,logic,logist,logo,loin,loiter,lol,lollipop,lomo,london,lone,lonesom,long,long-tim,longer,longest,longingli,longman,look,lookin,lookout,looong,loooong,loooooong,loooooov,looooov,loooov,looov,loop,loos,loosen,lord,lore,lose,loser,loss,lost,lot,lotta,lotteri,lotu,lou,loud,louder,loudest,loudli,loui,louie,louisiana,loung,lounge-i,lounge/bar,loungey,loungi,lousi,lousiana,love,love-h,love/h,lover,lovin,lovingli,low,low-key,low-lit,lower,lowli,lox,loxex,loyal,loyalti,luck,lucki,luckili,luger,luggag,lui,luke,luke-warm,lukewarm,lump,lunch,lunch.i,lunch.th,lunch/dinn,luncheon,lunchtim,lung,lupe,lure,lurk,lusciou,lush,lust,luster,luv,lux,luxuri,lv,lyche,m,m.,ma,ma'am,mac,mac'n,mac'n'chees,mac-n-chees,mac/chees,macaroni,macaroon,macarthur,machin,macho,mad,made,made-to-ord,madhous,madison,mae,mag,magazin,maggi,magic,magnific,magnolia,mahi,mahi-mahi,mai,maid,mail,main,mainli,mainstay,maintain,mainten,maitr,majer,majest,major,majorli,make,maker,makeup,malbec,male,mall,malt,mama,mamma,mammoth,man,manag,manchego,mandatori,maneuv,manger,mango,manhattan,mani,manicotti,manifesto,mankind,manli,manner,mansion,mantra,manual,manufactur,mao,map,mapl,mapo,mar,marathon,marbl,marc,march,mardi,marg,margarita,margaritavil,margherita,margin,mari,maria,marilyn,marin,marinad,marinara,mario,mark,market,marlin,marmalad,marnier,marri,marriag,marriott,marsala,marshmallow,marshmellow,marston,martha,marti,martin,martini,marvel,maryland,marzipan,masa,mascarpon,mash,mask,mason,mason-dixon,mass,massachusett,massag,massaman,massiv,master,mastercard,masterpiec,mat,match,mate,materi,math,matt,matter,matthew,matur,matza,matzah,matzo,matzobal,matzoh,max,maxim,maximum,maxwel,may,mayb,mayo,mayo-bas,mayo-i,mayonnais,mayonnaise-i,mayor,maytag,maze,mcarthur,mcd,mcdonald,me-,me..,me.i,me.th,me.w,meager,meal,meal..,meal.i,meal.mi,meal.th,meal.w,meali,mean,mean..,meant,meantim,meanwhil,measur,meat,meat-eat,meat-lov,meat.th,meatbal,meati,meatier,meatless,meatloaf,meatpack,mecca,med,medallion,media,medic,medicin,mediev,mediocr,mediterranean,medium,medium-rar,medium-s,medium-wel,medley,mee,meet,meetup,meg,mega,meh,mei,mein,mel,meld,mellow,melon,melros,melt,melt-in-your,melt-in-your-mouth,meltdown,melti,member,memo,memor,memorabilia,memori,memphi,memphis-styl,men,mental,mention,menu,menu-,menu..,menu.i,menu.th,menu.w,mercadito,merci,mere,meringu,merit,merlot,merri,mescal,mesh,mesmer,mess,messag,messi,messier,met,metal,meter,meth,methink,method,meticul,metro,metropolitan,meunier,mex,mexican,mexicana,mexicano,mexico,meyer,mezcal,mezzanin,mi,mia,miami,mic,michael,michel,michelada,michelin,michigan,mickey,micro,micro-brew,microgreen,microwav,mid,mid-afternoon,mid-day,mid-meal,mid-week,mid-west,midday,middl,midnight,midst,midtown,midway,midweek,midwest,midwestern,mie,mif,miga,might,mighti,mignon,mignonett,migrat,mike,mil,milanes,milanesa,mild,milder,mildli,mile,milk,milki,milkshak,mill,miller,million,milwauke,mimosa,min,minc,mind,mind-blow,mind-blowingli,mindblow,mindi,mindset,mine,minestron,ming,mingl,mini,miniatur,minim,minimalist,minimum,miniscul,minor,mint,minti,mintu,minu,minus,minuscul,minut,minutes-,minutes.i,minutes.th,minutes.w,miracl,miracul,mirliton,mirror,miscommun,miser,miseri,misfortun,mish,mish-mash,mishap,mishmosh,mislead,miso,miss,mission,mississippi,misstep,mist,mistak,mistaken,mistakenli,mister,misti,mistook,misunderstand,mitt,mix,mixolog,mixologist,mixto,mixtur,mlk,mm,mmm,mmm..,mmmm,mmmmm,mmmmmm,mmmmmmm,mmmmmmmm,mmmmmmmmm,mo,moan,mob,mobil,mocha,mode,model,modelo,moder,modern,modest,modif,modifi,moist,moistur,mojito,mojo,mok,molass,mold,mole,moley,moli,molleja,molli,mollusk,molten,mom,moment,momentarili,momma,mommi,momofuku,mon,mond,monday,money,mongolian,monica,monik,monitor,monk,monkey,monkfish,monoton,monro,monsieur,monster,monstros,monstrou,mont,montchevr,month,monthli,montreal,monument,moo,mood,moodi,moon,moonshin,mop,moral,morcilla,more..,more.i,more.th,moreov,moreso,morimoto,morn,moroccan,moron,morsel,mortal,morton,moscato,mosey,mosh,mostli,mother,mother-in-law,motherfuck,motif,motion,motiv,motorcycl,mound,mount,mountain,mous,mouss,mouth,mouth-wat,mouth.i,mouth.th,mouthgasm,mouthwat,mouthwateringli,move,movement,movi,mozarella,mozzarella,mpd,mr,mr.,mrs.,ms.,msg,mt,much,much.th,much.w,mucho,muddl,muenster,muffaletta,muffin,mug,muggi,multi,multi-grain,multipl,multitud,mumbl,mun,munch,munchi,munchkin,mundan,mural,murder,musaman,muscl,muse,museum,mush,mushi,mushroom,music,musician,mussaman,mussel,must,must-get,must-go,must-hav,must-stop,must-tri,must-visit,mustach,mustard,muster,musti,mutant,mute,mutter,muy,mvf,myriad,myself.w,mysteri,n,n'awlin,n'chees,n't,n.,n.o,na,nab,nacho,nah,nail,naiv,nake,nakorn,nam,name,namesak,nandu,nantucket,nap,napa,napkin,napoleon,napolitana,narrow,nashvil,nasti,nastiest,natali,nate,nathan,nation,nativ,natur,naughti,nauseat,nauseou,navi,navig,nawlin,nay,nazi,nc,nd,ne,neal,near,nearbi,nearest,nearli,neat,neatli,necess,necessari,necessarili,neck,nectar,need,needless,neg,neglect,neighbor,neighborhood,neighbourhood,neil,neither,neon,nephew,neptun,nerd,nerv,nervou,nest,nestl,net,network,neutral,nevada,never,nevermind,nevertheless,new,newbi,newer,newli,news,newspap,next,nib,nibbl,nice,nice.th,nicer,nicest,nich,nick,nickel,nicknam,nicois,nicol,niec,night,night-,night..,night.i,night.th,nightclub,nightli,nightlif,nightmar,niman,nine,nineteen,nippi,nirvana,nite,nitpick,nj,no-brain,no-fril,no-go,no-no,no-nonsens,no.19,nobodi,nobu,nod,noir,nois,noisi,nola,nom,nomin,non,non-alcohol,non-descript,non-exist,non-meat,non-peak,non-pork,non-stop,non-tradit,nondescript,none,nonetheless,nonexist,nonsens,noob,noodl,noodles-,nook,noon,nope,norcal,nori,norm,normal,north,northeast,northern,northridg,northsid,northwest,norwalk,norwegian,nose,nosh,nostalg,nostalgia,not-so-good,not.i,notabl,notch,note,note-,notebook,noteworthi,noth,nothin,notic,notifi,notion,notori,nova,novel,novelti,novemb,novic,now..,now.i,now.th,nowaday,nowher,nua,nuanc,nuesk,nuff,nugget,nuisanc,nuke,num,numb,number,numer,nurs,nut,nutella,nutmeg,nutrit,nutriti,nutshel,nutti,nw,ny,ny-styl,nyc,nye,o,o'clock,o'har,o-r,o.,o.k,o.m.g,o_o,oak,oasi,oat,oatmeal,obes,object,oblig,obligatori,oblivi,obnoxi,obscen,obscur,observ,obsess,obstacl,obtain,obviou,obvious,oc,occas,occasion,occass,occup,occupi,occur,occurr,ocean,octob,octopu,odd,odditi,oddli,ode,oder,odor,of.th,ofcours,off-peak,off-put,off-strip,off-tim,offend,offens,offer,offic,offici,offset,often,og,oh,oh-so,ohh,ohhh,ohhhh,ohio,oil,oili,oink,oinkster,oj,ok,ok-,ok.,ok..,ok.i,ok.th,okay,okay-,oki,oklahoma,okra,ol,old,old-fashion,old-school,older,oldest,oldi,ole,oliv,olymp,olympu,om,omelet,omelett,omfg,omg,omit,omlett,omnivor,on-point,one,one-dimension,one..,one.i,one.th,ong,onion,onioni,onlin,ontario,onto,ontop,onward,ooey,ooh,oolong,oomph,ooo,oooh,oooo,ooooh,oooooh,oop,ooz,open,open-fac,opent,oper,opinion,opinion.th,opportun,oppos,opposit,opt,optim,optimist,option,opul,oral,orang,orchestr,ord,ordeal,order,order..,order.i,order.th,orderd,ordered:1,orderli,ordinari,oregano,oregon,oreo,organ,orgasm,orgi,orient,origin,orlean,ornat,oscar,otherwis,otherworldli,oua,ouch,ought,ounc,out-of-this-world,out-of-town,out..,out.i,out.th,out.w,outback,outdat,outdoor,outer,outfit,outgo,outing,outlet,outpost,outrag,outright,outshin,outsid,outskirt,outstand,outta,outweigh,oven,oven-roast,ovendri,over-cook,over-easi,over-hyp,over-medium,over-ord,over-pr,over-r,over-s,over-salt,over-season,over-the-top,overal,overbear,overboard,overbook,overcharg,overcom,overcook,overcrowd,overdo,overdon,overdress,overdu,overflow,overhead,overhear,overheard,overhyp,overkil,overli,overload,overlook,overnight,overpow,overpoweringli,overpr,overr,overrun,overs,oversalt,overshadow,overstuf,overweight,overwhelm,overwhelmingli,overwork,owe,owl,owner,ownership,ox,oxymoron,oy,oyster,oysters-,oz,p,p.,p.e.i,p.f,p.m,p.m.,pa,pablo,pace,pacif,pack,packag,packet,pad,paddi,paella,page,paid,pain,paint,pair,pajama,pal,palac,palat,palc,pale,palett,pallet,palm,palmer,paloma,pamper,pan,pan-asian,pan-fri,pan-roast,panag,panang,pancak,pancakes-,pancetta,panda,pane,panel,pang,panhandl,panic,panini,panna,pant,panti,pantri,panza,pao,papa,papaya,paper,pappi,paprika,par,para,parad,paradis,paragraph,parallel,parch,pardon,parent,parfait,pari,parillada,parisian,park,parker,parlor,parmesan,parrillada,parsley,parsnip,part,partak,parti,partial,particip,particular,particularli,partli,partner,partook,pasadena,pasadita,pass,passabl,passag,passersbi,passion,passionfruit,passov,passport,past,pasta,pastami,pasti,pastor,pastrami,pastrami-,pastrami..,pastrami/corn,pastri,pat,pate,path,pathet,patienc,patient,patio,patrick,patron,patronag,pattern,patti,paul,paus,pawn,pay,paycheck,payment,pb,pbr,pc,pea,peac,peach,peak,peanut,pear,pearl,pecan,peculiar,pedest,pedestrian,peek,peel,peep,peer,peev,pei,peke,pemaquid,pen,penang,pencil,penetr,penn,penni,penny.th,peopl,people-watch,people.i,people.th,pepino,pepper,peppercorn,pepperi,peppermint,pepperoni,peppi,pepsi,per,percent,percentag,percept,perch,perfect,perfect.mi,perfect.th,perfection.i,perfection.th,perfectli,perfecto,perform,perfum,perfunctori,perhap,period,perk,perki,perman,permeat,permit,perogi,perpetu,perplex,persist,person,perspect,persuad,perus,pescado,pescatarian,pesto,pet,pete,peter,petit,pf,phad,phase,phenom,phenomen,phenomenon,phil,philadelphia,philipp,philli,phillip,philosophi,phoenix,phone,phoni,phosphat,photo,photograph,phrase,physic,pic,picant,pick,pick-up,pickel,picki,pickiest,pickl,pickup,picnic,picnic-styl,pico,pictur,pie,piec,pierc,pierogi,pierogies-,pig,piggi,piggyback,pile,pilgrimag,pill,pillow,pillowi,pilsen,pimp,pin,pina,pinappl,pinch,pine,pineappl,pink,pinki,pinkish,pinot,pinpoint,pint,pinto,pip,pipe,piqu,piquant,piquillo,pirat,pirogi,piss,pissi,pistachio,pit,pita,pitch,pitcher,piti,pitt,pizetta,pizza,pizzeta,pizzett,pizzetta,pl,pla,place,place-,place..,place.i,place.it,place.th,place.w,plagu,plaid,plain,plaintain,plan,plane,planet,planner,plant,plantain,plar,plaster,plastic,plata,platano,plate,plate-,plate.th,plateau,platform,platter,play,player,plaza,pleas,pleasant,pleasantli,pleaser,pleasur,pleather,plenti,plethora,plop,plow,ploy,plu,pluck,plug,plum,plump,plung,plus.th,pluse,plush,pm,po,po'boy,po-boy,poach,poblano,poboy,pocket,poe,point,point.i,pointless,poison,pok,poke,poker,pole,polenta,polic,polici,polish,polit,pollo,polo,pomegran,pomm,pompano,pompou,ponder,poni,pontiac,poo,pooch,pool,poop,poor,poorer,poorli,pop,popcorn,popey,popper,poppi,poppin,poppyse,popul,popular,porch,pork,pork-,porkbelli,porkchop,porki,porn,port,portabella,portabello,portag,porter,portillo,portion,portland,portobello,pose,poser,posh,posit,possess,possibl,post,post-dinn,post-meal,poster,pot,potato,potent,potenti,potion,potpi,potstick,potter,pouch,poultri,pound,pour,powder,powderi,power,pp,ppl,practic,prais,pralin,prawn,pray,prayer,pre,pre-dinn,pre-fix,pre-gam,pre-mad,pre-meal,pre-ord,pre-packag,pre-set,preced,preciou,precis,predict,prefac,prefect,prefer,pregnant,prematur,premier,premis,premium,prep,prepar,presenc,present,preserv,presid,press,pressur,prestigi,presum,pretend,pretens,pretent,pretenti,pretti,prettiest,pretzel,preval,prevent,previou,previous,price,price-wis,price.i,priceless,pricey,prici,pricier,priciest,prick,pride,prik,primari,primarili,prime,primo,princ,princess,principl,print,prior,prioriti,prison,pristin,privaci,privat,privileg,prix,prix-fix,prize,pro,prob,probabl,problem,proce,proceed,process,prociutto,proclaim,procur,prod,produc,product,profess,profession,profil,profit,profus,program,progress,prohibit,project,prolli,promin,promis,promot,prompt,promptli,prone,pronounc,pronto,proof,prop,proper,properli,properti,proport,propos,proposit,proprietor,prosciutto,proscuitto,prosecco,prospect,protect,protein,protest,protocol,proud,proudli,prove,proven,provid,provoleta,provolon,prowl,proxim,prune,ps,psych,psycholog,pub,public,publican,puck,pud,puddl,puerco,puf,puff,puffi,puke,pulaski,pull,pulled-pork,pulp,pump,pumpernickel,pumpkin,pun,punch,punctuat,pungent,puni,punish,punk,pup,puppi,purchas,pure,purest,purist,purpl,purport,purpos,purs,puré,push,pushi,pussi,put,puzzl,pyu,pâté,q,quac,quad,quail,quaint,qualifi,qualiti,quality.th,qualm,quantiti,quart,quarter,que,queen,quench,quesadilla,queso,quest,question,queu,queue,quibbl,quich,quick,quicker,quickli,quickly.i,quickly.th,quiet,quieter,quietli,quinc,quinci,quintessenti,quirki,quit,quizno,quot,r,r.,rabbit,rabbit/sausag,race,racetrack,rachel,racist,rack,rad,radar,radio,radish,radiu,rag,rage,rail,rain,rainbow,raini,rais,raisin,raja,ralph,rama,rambl,ramekin,ramen,ramp,ran,ranch,ranchero,rancid,randi,randolph,random,randomli,rang,rank,rant,rap,rapidli,rapini,rare,rariti,raspberri,rat,rate,rather,ratio,ration,rave,raven,ravioli,raw,ray,razor,rb,re,re-review,reach,reaction,read,reader,readi,readili,ready.th,real,realis,realist,realiti,realiz,realli,reallli,reallllli,realm,rear,reason,reassur,rebel,rec,recal,recap,reccomend,reccommend,receipt,receiv,recent,recept,receptionist,recess,reciev,recip,recipi,reckon,reco,recogn,recognit,recomend,recommend,reconsid,record,recov,recoveri,recreat,rectangular,rectifi,recycl,red,redeem,redfish,redicul,redo,redol,reduc,reduct,redund,reek,rees,refer,refil,refin,reflect,refrain,refresh,refreshingli,refri,refriger,refug,refund,refus,reg,regard,regardless,region,regist,regret,regrett,regul,regular,regularli,rehears,reheat,reign,reinforc,reinvent,reisl,reiter,reject,rejoic,rel,relat,relationship,relax,releas,releg,relev,reli,reliabl,relic,relief,reliev,religi,relish,reliv,relleno,reloc,reluct,reluctantli,remain,remaind,remak,remark,remedi,rememb,remind,reminisc,remiss,remix,remnant,remodel,remors,remot,remoulad,remov,renaiss,renam,render,rendit,reno,renov,renown,rent,rental,renu,reopen,rep,repeat,repeatedli,repetit,replac,replenish,repli,replic,report,reposado,repres,represent,republ,reput,request,requir,requisit,rescu,research,resembl,reserv,resid,residenti,residu,resign,resist,reso,resolut,resolv,reson,resort,resound,resourc,respect,respit,respond,respons,rest,restaraunt,restaur,restaurant..,restaurant.com,restaurant.i,restaurant.th,restaurant.w,restaurant/bar,restauranteur,restaurateur,resteraunt,resto,restor,restrain,restraint,restraunt,restrict,restroom,restuar,restur,result,retail,retain,retard,rethink,retir,retriev,retro,retrospect,return,reuben,reunion,revamp,reveal,revel,rever,revers,review,review.i,revisit,reviv,revolut,revolv,reward,rey,rez,rezzi,rhode,rhubarb,rhyme,ri,rib,rib-ey,ribbon,ribey,ribs-,rice,rice-,rich,richard,richer,richman,rick,rico,ricotta,rid,riddl,ride,ridic,ridicul,riesl,right,right.i,righteou,rightli,rillett,rim,rind,ring,rio,rip,rip-off,ripe,rise,risk,risotto,ritual,rival,river,roach,road,roadhous,roadsid,roam,roar,roast,rob,robberi,robert,robinson,robot,robuchon,robust,rock,rocker,rocket,rocki,rockin,rockstar,rode,rodney,rodrigo,roger,roja,role,roll,roll-,roller,rolls-,roma,romain,roman,romanc,romant,rome,roof,rooftop,room,room.th,roomi,roommat,root,rootbeer,rope,rosa,rosco,rose,rosemari,rotat,rotisseri,rotten,rough,roughli,roulett,round,rout,routin,roux,row,rowdi,royal,royalti,rsvp,rub,rubber,rubberi,ruben,rubi,rude,rudest,rudi,rueben,rugala,rugalach,rugelach,rugula,ruin,rule,rum,rumbl,rumor,run,run-down,rundown,rung,runner,runni,runway,runyon,rush,russian,rustic,ruth,rw,ryan,rye,s'more,s.,sa-tay,sack,sacr,sacrif,sacrific,sacrileg,sad,sadden,sadli,safe,safest,safeti,saffron,sage,sahara,sai,said,sail,saint,saipin,sake,salad,salad-,salami,sale,salem,saliv,saliva,salli,salmon,salon,salsa,salt,salti,saltier,salut,salvag,sam,sammi,sammich,sampl,sampler,san,sand,sandi,sando,sandwhich,sandwich,sandwich-,sandwich.i,sandwich.th,sandwich/half,sane,sang,sangria,sanit,sank,santa,santo,sanwich,sara,sarah,sarcasm,sarcast,sardin,sarong,sarsaparilla,sashimi,sass,sassi,sat,satay,satc,sate,satiat,satisfact,satisfactori,satisfi,satsuma,satur,saturday,sauc,sauce-,sauce.i,sauce.th,saucer,saucey,sauci,sauerkraut,sauna,saunter,saurkraut,saus,sausag,saut,saute,sauté,sauvignon,save,savor,savori,savvi,saw,say,say..,sayin,sazerac,scale,scallion,scallop,scam,scan,scarc,scare,scarf,scari,scatter,scenario,scene,scene-i,sceneri,scenest,sceney,scent,schedul,scheme,schlep,schlitz,schmanci,schmuck,schnitzel,school,schooner,schtick,scienc,scoff,scold,scone,scoop,scoot,scope,scorch,score,scotch,scott,scour,scout,scowl,scrambl,scrambler,scrap,scrape,scratch,scream,screen,screw,scribbl,script,scroll,scrub,scrumptiou,scrumptious,sculptur,scurri,sd,se,se-ew,sea,seabass,seafood,seal,seam,sear,search,season,seat,seated.th,seater,seattl,seawe,sec,seclud,second,secondli,secret,secretli,section,secur,seduct,see,seed,seedi,seek,seem,seemingli,seen,seep,segal,segment,segreg,seinfeld,seldom,select,self,self-construct,self-control,self-proclaim,self-serv,selfish,sell,seller,semi,semi-priv,semifreddo,send,senior,sens,sensat,sensibl,sensit,sensori,sensual,sent,sentenc,sentiment,seoul,separ,seper,septemb,seren,seri,seriou,serious,serrano,serv,server,servic,service-,service..,service.i,service.th,sesam,session,set,set-up,settl,setup,seven,sever,sex,sexi,sexual,sf,sh,sh*t,sh*t.,shabbi,shacha,shack,shade,shadi,shadow,shake,shaken,shaker,shaki,shall,shallot,shallow,shame,shanghai,shank,shape,sharabl,share,share-,share.th,shareabl,sharp,shatter,shave,shed,sheer,sheesh,sheet,shelf,shell,shellfish,shelter,shelv,sheng,sherbet,sherman,sherri,shi,shift,shine,shiner,shini,ship,shirt,shit,shitti,shiver,shiz,shiznit,shoal,shock,shocker,shockingli,shoe,shoo,shook,shoot,shooter,shop,shopp,shore,short,shortag,shortbread,shortcak,shortcom,shorten,shorter,shortli,shortrib,shot,shotgun,shoulda,shoulder,shouldnt,shout,shout-out,shove,shovel,show,showcas,shower,shown,shred,shrimp,shrimp-,shroom,shrug,shu,shuck,shucker,shudder,shuffl,shun,shut,si,siam,sibl,sick,sicken,sickli,side,side-,side-by-sid,side.i,side.th,sidecar,sidenot,sides.th,sidewalk,sigh,sight,sign,signag,signal,signatur,signific,significantli,silenc,silent,silken,silki,sill,silli,silver,silverwar,similar,similarli,simmer,simpl,simpler,simplest,simpli,simplic,simpson,simultan,sin,sinc,sincer,sing,singapor,singer,singha,singl,singular,sink,sip,sir,sirloin,sister,sister-in-law,sit,sit-down,site,situat,siu,six,sixth,sizabl,size,sizeabl,sizzl,skate,skeptic,sketch,sketchi,skew,skewer,skill,skillet,skim,skimp,skimpi,skin,skin-on,skinni,skip,skirt,sky,skylight,slab,slack,slam,slap,slash,slather,slave,slaw,sleek,sleep,sleepi,sleev,slept,slew,slice,slicer,slick,slid,slide,slider,slider-,sliders-,slight,slightest,slighti,slightli,slim,slimi,sling,slip,slipperi,sliver,slob,slogan,slop,sloppi,slot,slow,slow-cook,slower,slowest,slowli,sluggish,slurp,smack,small,smaller,smallest,smallish,smart,smartest,smartli,smash,smatter,smear,smell,smelli,smidg,smile,smiley,smith,smitten,smo,smoke,smokehous,smoker,smokey,smoki,smokin,smoosh,smooth,smoother,smoothi,smoothli,smoqu,smore,smorgasbord,smother,smucker,smug,snack,snag,snake,snap,snapper,snappi,snarki,snatch,snazzi,sneak,sneaki,sneer,snicker,snide,snippi,snob,snobberi,snobbi,snobbish,snooti,snotti,snow,snowi,snuck,snug,snuggl,so-cal,so-so,so..,soak,soap,soar,soba,sober,socal,social,socialit,societi,sock,soda,sodium,sofa,soft,soft-shel,softbal,soften,softer,softest,softli,softshel,soggi,soi,sol,sold,sole,solid,solidifi,solidli,solo,solut,solv,som,somebodi,someday,somehow,someon,someplac,someth,somethin,sometim,somewhat,somewher,sommeli,son,song,sonni,sonoran,soo,soon,sooner,sooo,soooo,sooooo,soooooo,sooooooo,soooooooo,sooooooooo,sooth,sop,sophist,sorbet,sore,sorri,sort,sorta,souffl,soufflé,sought,soul,sound,soundtrack,soup,soup-,soup.th,soupi,sour,sourc,sourdough,south,southeast,southern,southport,southsid,southwest,souvenir,souvlaki,sox,soy,sp,spa,space,space-,spacey,spaciou,spaghetti,spaghettini,spain,span,spanakopita,spanikopita,spanish,spare,sparerib,sparingli,spark,sparkl,spars,spatzl,speak,speakeasi,speaker,spear,special,special-,special.i,special.th,specialti,specif,specifi,speck,spectacl,spectacular,spectat,spectrum,sped,speech,speechless,speed,speedi,spell,spend,spendi,spent,spi,spice,spicey,spici,spicier,spiciest,spicy,spicy-,spike,spill,spilt,spin,spinach,spinach/chees,spirit,spit,spite,splash,splatter,splendid,split,splurg,spoil,spoiler,spoke,spoken,spong,spongi,spontan,spoon,sporad,sport,spot,spot-on,spot.th,spotless,spotlight,spotti,spout,sprawl,spray,spread,sprig,spring,springrol,sprinkl,sprite,sprout,spruce,spunki,spur,sq,squar,squash,squeal,squeamish,squeez,squid,squint,squirt,squish,squishi,sriracha,ss,st,st.,st.loui,stab,stack,stadium,staf,staff,staff-,stage,stagger,stain,stainless,stair,staircas,stake,stale,stalk,stall,stamp,stand,stand-out,standard,standbi,standout,standpoint,stanley,stanton,stapl,star,star-,star.i,star.th,starbuck,starch,starchi,stare,stark,starr,stars.i,stars.th,starsi,starsservic,start,starter,startl,starv,starvat,stash,stat,state,statement,station,statu,stave,stay,steadi,steak,steak-,steakhous,steal,steam,steamer,steami,steel,steep,steer,stella,stellar,stem,step,stephani,stephen,stereo,stereotyp,steril,steroid,steve,steven,stew,stick,sticker,sticki,stickler,stiff,stil,still,stimul,stingi,stink,stinki,stir,stir-fri,stl,stock,stoke,stole,stolen,stoli,stomach,stomp,stone,stood,stool,stop,stopper,store,store-bought,storefront,stori,storm,stout,stove,straight,straight-up,straightforward,strain,strand,strang,stranger,strangest,strateg,strategi,straw,strawberri,stray,streak,stream,streamlin,street,strength,stress,stretch,stretchi,strewn,strict,strictli,strike,string,stringi,strip,strip-mal,stripe,strive,stroganoff,stroke,stroll,stroller,strong,stronger,strongest,strongli,struck,structur,strudel,struggl,stryjewski,stub,stubborn,stuck,stud,student,studi,studio,stuf,stuff,stuff.i,stuffi,stumbl,stun,stunk,stunningli,stupend,stupid,stupidli,sturdi,sturgeon,style,stylish,styrofoam,sub,sub-par,subdu,subject,sublim,submit,subpar,subsequ,subsid,substanc,substanti,substitut,subtl,subtleti,subtli,subtract,suburb,suburban,subway,succeed,success,succul,succumb,suck,sucker,suckl,sudden,suddenli,suffer,suffic,suffici,sugar,sugari,suggest,suicid,suit,suitabl,sultri,sum,summar,summari,summat,summer,summersid,summertim,summon,sumpin,sumptuou,sun,sun-dri,sunda,sunday,sundri,sunglass,sunlight,sunni,sunny-sid,sunset,sunshin,super,super-friendli,superb,superbl,superbowl,superdawg,superfici,superflu,superior,superl,supermarket,superstar,supper,supplement,suppli,supplier,support,suppos,supposedli,suprem,supris,suprisingli,sur,surcharg,sure,surf,surfac,surgeri,surli,surpass,surpris,surprisingli,surround,survey,surviv,susan,sushi,suspect,suspici,sustain,susten,sux,suzi,swallow,swamp,swan,swank,swanki,swap,swarm,sway,swear,sweat,sweater,sweati,sweet,sweet.i,sweetbread,sweeten,sweeter,sweetest,sweetheart,sweeti,swell,swept,swift,swiftli,swim,swine,swinekil,swing,swinger,swipe,swirl,swiss,switch,swoon,swoop,sword,swordfish,swore,sworn,swung,symbol,symphoni,symptom,synonym,syrah,syrup,syrupi,system,szechuan,t-bone,t-shirt,t.,t/,ta,tab,tabasco,tabl,tabla,table-,table.i,table.th,table.w,tablecloth,tablespoon,tabletop,tack,tacki,tackl,taco,taco-,tacos-,tacos..,tacos.i,tacos.th,tacqueria,tact,tactic,tad,tag,tagliatel,tahitian,tai,tail,taint,take,take-away,take-out,taken,takeout,taker,tale,talent,talk,talkin,tall,taller,tamal,tamarind,tame,tamia,tampiquena,tampiqueña,tan,tang,tangerin,tangi,tangier,tango,tank,tantal,tao,tap,tapa,tapas-styl,tapatio,tape,tapenad,tapioca,taqueria,taquito,taquiza,tar,tarantino,target,taro,tart,tartar,tarter,task,tasso,tast,taste-bud,taste-wis,taste.i,taste.th,tastebud,tasteless,taster,tastey,tasti,tastier,tastiest,tasty-,tasty..,tasty.i,tasty.th,tat,tater,tattoo,taught,taunt,tavern,tax,taxi,taylor,tchoupitoula,tdf,te,tea,teach,teacher,team,tear,teas,teaspoon,tecat,technic,techniqu,techno,tediou,tee,teem,teen,teenag,teeni,teeth,teh,telephon,teleport,televis,tell,temp,temper,temperatur,templ,temporari,temporarili,tempt,temptat,tempura,ten,tend,tendenc,tender,tenderloin,tendon,tendril,tengo,tennesse,tenni,tent,tepid,tequila,tequilla,teriyaki,term,terri,terribl,terrif,terrifi,terrin,territori,test,testament,testifi,testimoni,tex,tex-mex,texa,texan,text,textur,tgi,th,tha,thai,thai-,thailand,thang,thank,thanksgiv,that-,that..,that.i,that.th,thatch,thaw,theater,theatr,theatric,thee,them-,them.i,them.so,them.th,theme,theo,theori,there-,there..,there.i,there.th,there.w,thereaft,therefor,thereof,theyr,thick,thick-cut,thicker,thickest,thickli,thier,thigh,thin,thin-slic,thing,thing-,thing.th,thingi,things.i,things.th,think,thinli,thinner,third,thirst,thirsti,thirti,this-,tho,thom,thoma,thorough,thoroughli,thou,though,though-,though..,though.i,though.th,though.w,thought,thousand,thr,thread,threaten,three,three-star,threshold,threw,thrill,thrive,throat,throng,throughout,throw,throwback,thrown,thru,thu,thum,thumb,thump,thur,thursday,thyme,ti,tick,ticket,tickl,tidbit,tide,tie,tier,tiffani,tiger,tight,tighter,tightli,tijuana,til,tilapia,tile,till,tilt,tim,time,time-,time..,time.a,time.i,time.th,time.w,timer,times..,times.i,timid,tin,ting,tinga,tingl,tini,tiniest,tip,tipsi,tiramisu,tire,tissu,titl,tj,tlc,to-die-for,to-do,to-go,to.i,to.th,toast,toast-,toast.i,toasti,tod,today,todd,toddler,toe,toffe,tofu,togeth,togo,toilet,tok,told,toler,tom,tomatillo,tomato,tomato-i,tommi,tomorrow,ton,tone,tong,tongu,toni,tonic,tonight,tonk,tonnato,too-,too..,too.i,too.overal,too.th,too.w,took,tool,tooo,toooo,tooth,toothpick,toothsom,top,top-notch,top.i,topic,torch,tore,toreado,torn,toronto,torreja,torta,tortilla,tortur,toscana,toss,tostada,tostado,toston,tot,total,touch,tough,tougher,toughest,tour,tourist,touristi,tout,tow,toward,towel,tower,town,town.th,towner,toy,trace,track,tractor,trade,trademark,trader,tradicion,tradit,traditionalist,traffic,tragedi,tragic,trail,trailer,train,tranc,tranni,tranquil,transact,transcend,transform,transit,translat,transplant,transport,trap,trash,trashi,traumat,travel,tray,tre,treasur,treat,treatment,tree,trek,tremend,trend,trendi,trendier,trepid,tri,trial,triangl,tribut,trick,tricki,trickl,trifecta,trim,trio,trip,tripl,triton,triumph,troll,tropic,trotter,troubl,trough,trout,truck,true,truffl,truli,trump,trust,trusti,truth,try.i,ts,tsai,tso,tub,tube,tuck,tude,tue,tuesday,tum,tumbl,tummi,tuna,tune,tunnel,turbo,turd,turf,turkey,turn,turn-off,turnip,turnov,turntabl,turtl,tv,tweak,tweet,twelv,twenti,twenty-someth,twice,twice-bak,twig,twin,twinki,twist,twitter,two,two-person,two-top,tx,type,typic,tzatziki,u,u.,u.s.,uber,ubiquit,ucla,udon,ugh,ugli,uh,uhh,uhhh,ukrainian,ultim,ultra,um,umami,umbrella,umm,ummm,umph,un,unabl,unaccept,unanim,unapologet,unapp,unappet,unassum,unattent,unavail,unawar,unbear,unbeat,unbeliev,uncl,unclear,uncomfort,uncommon,uncompl,uncook,uncool,uncork,undecid,undeni,under-season,underag,undercook,underdon,underestim,underground,underneath,underr,underseason,underst,understaf,understand,understat,understood,underton,underwhelm,undi,undoubtedli,uneaten,unemploy,uneven,unevenli,unexpect,unexpectedli,unfair,unfamiliar,unfinish,unforgett,unforgiv,unfortun,unfriendli,ungodli,unhappi,unhealthi,unheard,unhelp,unidentifi,uniform,uniformli,unimagin,unimpress,uninspir,uninterest,union,uniqu,unisex,unit,univers,unknown,unless,unlik,unlimit,unload,unlucki,unmatch,unmemor,unnecessari,unnecessarili,uno,unobtrus,unorgan,unpleas,unpretenti,unprofession,unquestion,unreal,unrealist,unreason,unremark,unsaf,unsalt,unsanitari,unsatisfi,unseason,unspectacular,unsuccess,unsur,unsuspect,unsweeten,untoast,untouch,unusu,unwelcom,unworthi,unwrap,up.i,up.th,upbeat,upcom,updat,upfront,upgrad,uphold,upload,upon,upper,uppiti,upscal,upset,upsid,upside-down,upstair,uptight,uptown,upward,ur,urban,urchin,urg,urgenc,urin,urth,us,us..,us.i,us.th,us.w,usa,usc,use,useless,user,usher,usual,utah,utensil,util,utter,utterli,v,v.,vacant,vacat,vacay,vacio,vacuum,vagu,valentin,valet,valid,valley,valu,valuabl,vampir,van,vancouv,vanilla,vanish,vari,variant,variat,variet,varieti,variou,vase,vast,vastli,vat,vault,ve,veal,veer,veg,vega,vegan,vege,veget,vegetarian,veggi,veggiewich,vehicl,vein,velveeta,velvet,velveti,vendor,venetian,venic,venison,vent,ventur,venu,verbal,verd,verdict,verg,verifi,verit,vermont,verrri,vers,version,versu,vert,vessel,vest,vesuvio,vesuviu,veteran,veuv,vey,via,vibe,vibrant,vice,vicin,victim,victori,victoria,video,vienna,vietnames,view,villag,vinaigrett,vincent,vinegar,vinegar-bas,vinegar-i,vinegari,vineyard,vinni,vino,vintag,vinyl,violat,violent,violet,vip,virgin,virginia,virtu,virtual,visa,viscou,visibl,vision,visit,visit.th,visitor,vista,visual,vitamin,vitello,viva,vodka,voic,void,volcano,volum,vomit,voodoo,vote,vouch,voucher,vow,vs,vs.,w,w.,w/,w/a,w/o,w/the,waaaay,waaay,waay,wacki,wad,waddl,wade,wafer,waffl,waffles-,waft,wagon,wagyu,waist,waistlin,wait,wait-,wait-staff,wait..,wait.i,wait.th,wait.w,waiter,waiter/waitress,waiters/waitress,waitlist,waitor,waitress,waitstaff,waiv,wake,walk,walk-in,walk-up,wall,wallet,wallpap,walnut,waltz,wan,wander,wang,wanna-b,wannab,want,war,ward,ware,warehous,wari,warm,warmer,warmli,warmth,warn,warp,warrant,was..,was.i,was.th,wasabi,wash,washington,wasnt,wast,watch,watcher,water,wateri,watermelon,wave,wax,way,way.i,way.th,wayi,wayn,wayyy,wayyyi,weak,weakest,wear,weari,weather,web,websit,wed,wedg,wednesday,wee,weed,week,weekday,weekend,weekli,weeknight,weep,weho,weigh,weight,weiner,weird,weirdest,weirdli,weirdo,welcom,well,well-,well-balanc,well-cook,well-deserv,well-don,well-execut,well-heel,well-known,well-lit,well-mad,well-oil,well-prepar,well-season,well..,well.i,well.th,well.they,well.w,wellfleet,wellington,wendi,went,werent,west,western,westlak,westlake/macarthur,westsid,wet,whale,whatchamacallit,whatev,whatnot,whatsoev,wheat,wheel,wheelchair,whenev,wherea,wherev,whether,whew,whichev,whiff,whilst,whim,whimsic,whine,whip,whirl,whisk,whiskey,whiski,whisper,whistl,white,whitefish,whiz,whoa,whoever,whole,wholeheartedli,wholesom,wholli,whomev,whoop,whop,whore,whose,wi,wi-fi,wick,wicker,wide,wider,wiener,wierd,wife,wifey,wifi,wig,wiggl,wild,wildli,willi,william,williamsburg,willingli,wilshir,wilt,wimpi,win,wind,windi,window,windshield,wine,wine.th,wine/b,wing,wink,winner,winter,wipe,wisconsin,wise,wish,wit,witch,withdraw,within,without,withstand,witti,wo,woah,wobbl,wok,woke,wolf,woman,women,womp,won,wonder,wont,wonton,woo,wood,wood-fir,woodchuck,wooden,woodi,woohoo,woot,worcestershir,word,wore,work,worker,workout,world,world-class,worn,worri,wors,worship,worst,worth,worthi,worthwhil,would,woulda,wouldnt,wouldv,wound,wow,wow-factor,wow..,wp,wrap,wrapper,wreck,wrigley,wrigleyvil,write,write-up,writer,written,wrong,wrote,wtf,wth,wtih,wuss,wwii,wynn,x,xd,xiao,xma,xo,xoco,y,y'all,ya,yada,yadda,yah,yahoo,yam,yang,yanke,yard,yay,ye,yea,yeah,year,yearli,yearn,yell,yellow,yellowfin,yellowtail,yelp,yelp.com/biz_photos/cant…,yelp.com/biz_photos/coch…,yelp.com/biz_photos/g8on…,yelp.com/biz_photos/ki5s…,yelp.com/biz_photos/y4cc…,yelper,yep,yer,yesterday,yet,yew,yiddish,yield,yike,yo,yoga,yogurt,yolk,yom,york,yorker,you-,you..,you.i,you.mi,you.th,youll,young,younger,youth,youtub,youtube.com/watch,yowza,yr,yu,yuck,yucki,yum,yum.i,yumm,yummer,yummi,yummiest,yummm,yummmi,yummmm,yummmmm,yummo,yummy..,yummy.th,yup,yuppi,z,zagat,ze,zen,zero,zest,zesti,zillion,zing,zip,zombi,zomg,zone,zoo,zoom,zucchini,­,à,árbol,étouffé,